Algorithmus;k;iter;stdev;reg;lr;Data_rep;test;m(AE);M(AE);m(RE);M(RE);gini
mcmc;8;400;0;0;0;ids;TRUE;4.026149369;3.89761;Inf;Inf;NA
mcmc;8;400;0;0;0;ids;FALSE;2.777154655;2.27122;1.331016292;0.683691;0.295560335
mcmc;8;400;0;0;0;setindicators;FALSE;2.73769092;2.18215;1.305441103;0.67482;0.340246806
mcmc;8;400;0;0;0;indicators;FALSE;2.736485667;2.15564;1.300250313;0.669594167;0.3433875
mcmc;4;1000;0;0;0;ids;FALSE;2.779261576;2.2712;1.333650848;0.686631429;0.291231701
mcmc;2;200;0;0;0;indicators;FALSE;2.747040335;2.20966;1.31289779;0.675360769;0.331411354
mcmc;2;2000;0;0;0;indicators;FALSE;2.749002783;2.19974;1.313145707;0.673283077;0.329153537
mcmc;2;200;0;0;0;indicators;FALSE;2.745161927;2.21749;1.311483893;0.672473;0.331504921
mcmc;16;200;0;0;0;indicators;FALSE;2.736302914;2.15461;1.298111576;0.666769;0.342360341
mcmc;16;2000;0;0;0;indicators;FALSE;2.73904355;2.15407;1.29992538;0.66735;0.34179157
mcmc;16;200;0;0;0;indicators;FALSE;2.736562944;2.15563;1.299584603;0.668645;0.343472282
mcmc;2;200;0;0;0;indicators;FALSE;2.74465596;2.2176;1.311325353;0.673897857;0.331988016
mcmc;2;2000;0;0;0;indicators;FALSE;2.748487551;2.20639;1.312934916;0.673037;0.329434271
mcmc;2;200;0;0;0;indicators;FALSE;2.746689454;2.19414;1.31081345;0.673970667;0.329760898
mcmc;10;200;0;0;0;indicators;FALSE;2.736425475;2.15467;1.300252047;0.668933846;0.34270815
mcmc;10;200;0;0;0;clean;FALSE;2.736425475;2.15467;1.300252047;0.668933846;0.34270815
mcmc;8;800;0;0;0;indicators clean;FALSE;2.747156844;2.18091;1.309680485;0.67282;0.328623898
mcmc;4;200;0;0;0;indicators;FALSE;2.74044595;2.17664;1.305047506;0.673075;0.337852776
mcmc;4;400;0;0;0;indicators;FALSE;2.740166792;2.17045;1.304780664;0.672010909;0.338741071
mcmc;4;600;0;0;0;indicators;FALSE;2.741677398;2.17443;1.306135102;0.672828571;0.338298674
mcmc;4;800;0;0;0;indicators;FALSE;2.741708285;2.17348;1.306481017;0.673574;0.338566138
mcmc;4;1000;0;0;0;indicators;FALSE;2.741608798;2.17826;1.306370358;0.673657647;0.339245792
mcmc;4;1200;0;0;0;indicators;FALSE;2.742759624;2.17477;1.306997358;0.672340909;0.33798157
mcmc;4;1400;0;0;0;indicators;FALSE;2.742529955;2.17341;1.306934224;0.673045;0.338750497
mcmc;4;1600;0;0;0;indicators;FALSE;2.74246453;2.1771;1.306951642;0.673857273;0.338310857
mcmc;4;1800;0;0;0;indicators;FALSE;2.742637478;2.17837;1.306643659;0.673772143;0.338506282
mcmc;4;2000;0;0;0;indicators;FALSE;2.742161576;2.18046;1.306658624;0.673205;0.338755839
mcmc;6;200;0;0;0;indicators;FALSE;2.737245906;2.16396;1.302528031;0.66869;0.340899194
mcmc;6;400;0;0;0;indicators;FALSE;2.738220836;2.16241;1.302363873;0.669408;0.340953996
mcmc;6;600;0;0;0;indicators;FALSE;2.737641522;2.16352;1.302947337;0.670801111;0.343318855
mcmc;6;800;0;0;0;indicators;FALSE;2.737589191;2.16325;1.302650656;0.671275714;0.343212422
mcmc;6;1000;0;0;0;indicators;FALSE;2.739264511;2.16485;1.30341013;0.67079;0.341688232
mcmc;6;1200;0;0;0;indicators;FALSE;2.739291546;2.16346;1.303151415;0.670872222;0.341774557
mcmc;6;1400;0;0;0;indicators;FALSE;2.738729831;2.16363;1.302968399;0.67047625;0.342374804
mcmc;6;1600;0;0;0;indicators;FALSE;2.738446614;2.16124;1.303054709;0.670184615;0.342180941
mcmc;6;1800;0;0;0;indicators;FALSE;2.739638131;2.16423;1.303560763;0.670395;0.341613258
mcmc;6;2000;0;0;0;indicators;FALSE;2.739241136;2.16182;1.303582213;0.670946667;0.341875357
mcmc;8;200;0;0;0;indicators;FALSE;2.736786423;2.16149;1.301086304;0.668526667;0.342594769
mcmc;8;400;0;0;0;indicators;FALSE;2.736376391;2.15406;1.300183406;0.6688025;0.342669527
mcmc;8;600;0;0;0;indicators;FALSE;2.736917504;2.15383;1.301090524;0.670045;0.343866085
mcmc;8;800;0;0;0;indicators;FALSE;2.736705013;2.15477;1.300917189;0.668846;0.343774825
mcmc;8;1000;0;0;0;indicators;FALSE;2.737629936;2.15863;1.301120321;0.67018;0.342933004
mcmc;8;1200;0;0;0;indicators;FALSE;2.736098395;2.15552;1.300585895;0.66984;0.343759216
mcmc;8;1400;0;0;0;indicators;FALSE;2.737146477;2.15553;1.301348098;0.669678667;0.342993126
mcmc;8;1600;0;0;0;indicators;FALSE;2.737707531;2.15848;1.30137828;0.669926;0.343019766
mcmc;8;1800;0;0;0;indicators;FALSE;2.738146952;2.15677;1.301997704;0.669733333;0.343062553
mcmc;8;2000;0;0;0;indicators;FALSE;2.73806033;2.15533;1.301751965;0.669785;0.342793954
mcmc;10;200;0;0;0;indicators;FALSE;2.735371205;2.15226;1.299634989;0.668026;0.343675348
mcmc;10;400;0;0;0;indicators;FALSE;2.735860343;2.15483;1.299830122;0.669705714;0.343900406
mcmc;10;600;0;0;0;indicators;FALSE;2.737286109;2.15369;1.300624487;0.668676667;0.343609052
mcmc;10;800;0;0;0;indicators;FALSE;2.736934116;2.15118;1.30026715;0.669345;0.343478115
mcmc;10;1000;0;0;0;indicators;FALSE;2.736412238;2.15629;1.299956457;0.669415714;0.343372613
mcmc;10;1200;0;0;0;indicators;FALSE;2.737602166;2.15459;1.300398538;0.669115625;0.343068958
mcmc;10;1400;0;0;0;indicators;FALSE;2.737916025;2.15465;1.300955626;0.667998462;0.3429658
mcmc;10;1600;0;0;0;indicators;FALSE;2.737280125;2.15581;1.300273402;0.668785;0.342950445
mcmc;10;1800;0;0;0;indicators;FALSE;2.737069479;2.15188;1.300442811;0.66934;0.343311952
mcmc;10;2000;0;0;0;indicators;FALSE;2.737303125;2.15437;1.300611779;0.66841;0.343469567
mcmc;12;200;0;0;0;indicators;FALSE;2.737116914;2.15668;1.299486916;0.668655714;0.341523258
mcmc;12;400;0;0;0;indicators;FALSE;2.738074611;2.15368;1.300770623;0.66961;0.341955041
mcmc;12;600;0;0;0;indicators;FALSE;2.738315764;2.1532;1.30070012;0.668437692;0.342118512
mcmc;12;800;0;0;0;indicators;FALSE;2.73656927;2.1517;1.299369166;0.66898375;0.34354433
mcmc;12;1000;0;0;0;indicators;FALSE;2.736431551;2.15296;1.299531498;0.667718571;0.343334195
mcmc;12;1200;0;0;0;indicators;FALSE;2.737920454;2.15384;1.300373402;0.66854;0.342784103
mcmc;12;1400;0;0;0;indicators;FALSE;2.738063949;2.15197;1.300562038;0.668715556;0.342450583
mcmc;12;1600;0;0;0;indicators;FALSE;2.737537309;2.15448;1.300083388;0.668366667;0.342820682
mcmc;12;1800;0;0;0;indicators;FALSE;2.737702718;2.15237;1.300325443;0.66823;0.343075576
mcmc;12;2000;0;0;0;indicators;FALSE;2.737749381;2.1555;1.299921091;0.6683;0.342820741
mcmc;14;200;0;0;0;indicators;FALSE;2.736737246;2.14937;1.298154712;0.66906;0.34166968
mcmc;14;400;0;0;0;indicators;FALSE;2.737365012;2.15275;1.299048543;0.66761;0.342250039
mcmc;14;600;0;0;0;indicators;FALSE;2.737731825;2.15086;1.299862654;0.66843;0.342763712
mcmc;14;800;0;0;0;indicators;FALSE;2.737914504;2.15132;1.299387235;0.667942222;0.342777003
mcmc;14;1000;0;0;0;indicators;FALSE;2.737626085;2.15371;1.299515755;0.66797;0.343392601
mcmc;14;1200;0;0;0;indicators;FALSE;2.737547506;2.15316;1.299401593;0.667354444;0.342963716
mcmc;14;1400;0;0;0;indicators;FALSE;2.737904132;2.15413;1.299577739;0.667093;0.342318343
mcmc;14;1600;0;0;0;indicators;FALSE;2.737945387;2.15362;1.299739179;0.667314;0.342525019
mcmc;14;1800;0;0;0;indicators;FALSE;2.738244296;2.15675;1.300251602;0.668180625;0.342516309
mcmc;14;2000;0;0;0;indicators;FALSE;2.737763653;2.15557;1.299719721;0.6681;0.342497899
mcmc;16;200;0;0;0;indicators;FALSE;2.738121001;2.15254;1.299716939;0.668375;0.341200147
mcmc;16;400;0;0;0;indicators;FALSE;2.738071016;2.15037;1.299489451;0.66787;0.341554773
mcmc;16;600;0;0;0;indicators;FALSE;2.738025351;2.14992;1.29911428;0.666811;0.341988338
mcmc;16;800;0;0;0;indicators;FALSE;2.738398994;2.15029;1.299305705;0.667855455;0.342092456
mcmc;16;1000;0;0;0;indicators;FALSE;2.737503822;2.1545;1.298668213;0.6678675;0.342094749
mcmc;16;1200;0;0;0;indicators;FALSE;2.738424964;2.15292;1.299601223;0.666404545;0.342039053
mcmc;16;1400;0;0;0;indicators;FALSE;2.737593855;2.15172;1.299129519;0.666436;0.34279452
mcmc;16;1600;0;0;0;indicators;FALSE;2.739087716;2.15132;1.299632102;0.6665025;0.341543394
mcmc;16;1800;0;0;0;indicators;FALSE;2.738343858;2.15365;1.29963914;0.666885;0.342244411
mcmc;16;2000;0;0;0;indicators;FALSE;2.73858351;2.1539;1.299594426;0.667133333;0.342139801
mcmc;2;200;0;0;0;indicators;FALSE;2.743848925;2.20242;1.310906371;0.674113571;0.33336685
mcmc;2;400;0;0;0;indicators;FALSE;2.746185718;2.20123;1.311469725;0.674226364;0.330423206
mcmc;2;600;0;0;0;indicators;FALSE;2.744517292;2.209;1.310623476;0.67321;0.331938438
mcmc;2;800;0;0;0;indicators;FALSE;2.746915116;2.19087;1.311288316;0.674400769;0.330053659
mcmc;2;1000;0;0;0;indicators;FALSE;2.747774002;2.20178;1.31266074;0.67468;0.330077774
mcmc;2;1200;0;0;0;indicators;FALSE;2.747915246;2.1925;1.312105722;0.672641818;0.329511044
mcmc;2;1400;0;0;0;indicators;FALSE;2.747423355;2.21193;1.312735626;0.673668571;0.329867207
mcmc;2;1600;0;0;0;indicators;FALSE;2.749266138;2.1942;1.313006624;0.673799;0.328837383
mcmc;2;1800;0;0;0;indicators;FALSE;2.746595125;2.21346;1.311911984;0.673185;0.330375219
mcmc;2;2000;0;0;0;indicators;FALSE;2.747858659;2.20143;1.312674978;0.673212857;0.330305767
mcmc;18;200;0;0;0;indicators;FALSE;2.735477131;2.15426;1.298303115;0.666163636;0.343727331
mcmc;18;400;0;0;0;indicators;FALSE;2.737530199;2.15162;1.298430823;0.666596;0.341805241
mcmc;18;600;0;0;0;indicators;FALSE;2.737881664;2.15329;1.29896205;0.66606;0.341979691
mcmc;18;800;0;0;0;indicators;FALSE;2.738670842;2.1475;1.299005679;0.666479;0.341334319
mcmc;18;1000;0;0;0;indicators;FALSE;2.739214536;2.1483;1.299100512;0.665861429;0.341499678
mcmc;18;1200;0;0;0;indicators;FALSE;2.739053196;2.15468;1.299258112;0.666561111;0.341284071
mcmc;18;1400;0;0;0;indicators;FALSE;2.739392285;2.1503;1.299790478;0.66731;0.341291416
mcmc;18;1600;0;0;0;indicators;FALSE;2.739836689;2.15078;1.29997764;0.66616;0.340647915
mcmc;18;1800;0;0;0;indicators;FALSE;2.738974818;2.15091;1.299570621;0.666207778;0.341749118
mcmc;18;2000;0;0;0;indicators;FALSE;2.740274104;2.153;1.300319687;0.667173571;0.340881758
mcmc;4;200;0.05;0;0;indicators;FALSE;2.752843422;2.20267;1.314005539;0.67096;0.326203469
mcmc;4;400;0.05;0;0;indicators;FALSE;2.746835379;2.19128;1.311038639;0.671474545;0.332254538
mcmc;4;600;0.05;0;0;indicators;FALSE;2.748390074;2.19661;1.310758949;0.669910909;0.329415966
mcmc;4;800;0.05;0;0;indicators;FALSE;2.74665906;2.19035;1.31103331;0.671942308;0.334030509
mcmc;4;1000;0.05;0;0;indicators;FALSE;2.74249848;2.19361;1.306996939;0.67058;0.337118894
mcmc;4;1200;0.05;0;0;indicators;FALSE;2.743389703;2.18962;1.30690258;0.671025;0.335744959
mcmc;4;1400;0.05;0;0;indicators;FALSE;2.750480124;2.20641;1.313522784;0.669873571;0.329403546
mcmc;4;1600;0.05;0;0;indicators;FALSE;2.745254257;2.18878;1.308867459;0.67185;0.33513146
mcmc;4;1800;0.05;0;0;indicators;FALSE;2.746380025;2.18758;1.309523708;0.6716175;0.334362185
mcmc;4;2000;0.05;0;0;indicators;FALSE;2.744317717;2.18751;1.308226323;0.671531818;0.336502997
mcmc;6;200;0.05;0;0;indicators;FALSE;2.758304186;2.21581;1.315814112;0.668465;0.321097586
mcmc;6;400;0.05;0;0;indicators;FALSE;2.759925333;2.19897;1.31310694;0.66943;0.316370308
mcmc;6;600;0.05;0;0;indicators;FALSE;2.747192906;2.18662;1.309066851;0.671749;0.332654932
mcmc;6;800;0.05;0;0;indicators;FALSE;2.746332796;2.18193;1.309299632;0.67101;0.333889184
mcmc;6;1000;0.05;0;0;indicators;FALSE;2.752625411;2.19858;1.312871156;0.670216667;0.328687686
mcmc;6;1200;0.05;0;0;indicators;FALSE;2.745465381;2.18474;1.308819196;0.670723333;0.335756861
mcmc;6;1400;0.05;0;0;indicators;FALSE;2.751343041;2.19165;1.30815479;0.668906667;0.328616303
mcmc;6;1600;0.05;0;0;indicators;FALSE;2.742436438;2.175;1.305154959;0.670629333;0.339039156
mcmc;6;1800;0.05;0;0;indicators;FALSE;2.740992162;2.17374;1.303711477;0.66763;0.339080223
mcmc;6;2000;0.05;0;0;indicators;FALSE;2.745804355;2.18266;1.307140261;0.670381538;0.334989018
mcmc;8;200;0.05;0;0;indicators;FALSE;2.782975099;2.20925;1.324388452;0.667971071;0.307840767
mcmc;8;400;0.05;0;0;indicators;FALSE;2.757361127;2.19278;1.313458419;0.669177;0.322638246
mcmc;8;600;0.05;0;0;indicators;FALSE;2.750049765;2.1768;1.308608757;0.669939167;0.332608816
mcmc;8;800;0.05;0;0;indicators;FALSE;2.74735913;2.1783;1.30715855;0.669344667;0.331154756
mcmc;8;1000;0.05;0;0;indicators;FALSE;2.750280703;2.17955;1.308820373;0.669745714;0.332283472
mcmc;8;1200;0.05;0;0;indicators;FALSE;2.754256893;2.18039;1.310110775;0.670365556;0.328136098
mcmc;8;1400;0.05;0;0;indicators;FALSE;2.74792343;2.17883;1.305916334;0.669228571;0.333896868
mcmc;8;1600;0.05;0;0;indicators;FALSE;2.745120118;2.16955;1.306148293;0.66932;0.336429985
mcmc;8;1800;0.05;0;0;indicators;FALSE;2.744053529;2.17787;1.306150006;0.669932308;0.337915992
mcmc;8;2000;0.05;0;0;indicators;FALSE;2.747469374;2.17295;1.305823183;0.670536923;0.332726431
mcmc;10;200;0.05;0;0;indicators;FALSE;2.776088708;2.19991;1.319527464;0.669106429;0.309729186
mcmc;10;400;0.05;0;0;indicators;FALSE;2.755538605;2.17737;1.310713248;0.6685075;0.325676287
mcmc;10;600;0.05;0;0;indicators;FALSE;2.750248548;2.17976;1.307889119;0.67051;0.331207604
mcmc;10;800;0.05;0;0;indicators;FALSE;2.748811685;2.17806;1.30594032;0.6676;0.331896241
mcmc;10;1000;0.05;0;0;indicators;FALSE;2.752992805;2.17794;1.306910645;0.667960625;0.327374612
mcmc;10;1200;0.05;0;0;indicators;FALSE;2.746806533;2.17544;1.305596795;0.667801111;0.333475977
mcmc;10;1400;0.05;0;0;indicators;FALSE;2.745420317;2.17636;1.305111403;0.668348571;0.333969184
mcmc;10;1600;0.05;0;0;indicators;FALSE;2.745081931;2.16999;1.304596538;0.66829;0.336415166
mcmc;10;1800;0.05;0;0;indicators;FALSE;2.74755954;2.16906;1.305542358;0.66909;0.333983125
mcmc;10;2000;0.05;0;0;indicators;FALSE;2.764581447;2.18795;1.315040993;0.667816154;0.319365364
mcmc;12;200;0.05;0;0;indicators;FALSE;2.777662723;2.19092;1.318478901;0.666491429;0.305723634
mcmc;12;400;0.05;0;0;indicators;FALSE;2.775294706;2.19342;1.319137553;0.66882;0.310402951
mcmc;12;600;0.05;0;0;indicators;FALSE;2.75062681;2.18288;1.306685564;0.6694525;0.330347417
mcmc;12;800;0.05;0;0;indicators;FALSE;2.748662644;2.16899;1.304945306;0.6685192;0.332443883
mcmc;12;1000;0.05;0;0;indicators;FALSE;2.757519514;2.17932;1.308290301;0.66827;0.324256701
mcmc;12;1200;0.05;0;0;indicators;FALSE;2.748829921;2.17783;1.30545591;0.668386667;0.332529488
mcmc;12;1400;0.05;0;0;indicators;FALSE;2.754455462;2.16733;1.307018004;0.668451429;0.329862997
mcmc;12;1600;0.05;0;0;indicators;FALSE;2.749765628;2.16776;1.304530487;0.669586;0.331367286
mcmc;12;1800;0.05;0;0;indicators;FALSE;2.74437201;2.16071;1.302008309;0.667825;0.337087502
mcmc;12;2000;0.05;0;0;indicators;FALSE;2.747217838;2.16474;1.303836269;0.666563125;0.333302282
mcmc;14;200;0.05;0;0;indicators;FALSE;2.763613214;2.18349;1.311685288;0.669342143;0.318805121
mcmc;14;400;0.05;0;0;indicators;FALSE;2.759580597;2.18234;1.311136227;0.66689;0.325095056
mcmc;14;600;0.05;0;0;indicators;FALSE;2.752782665;2.17217;1.307437934;0.669683333;0.329790081
mcmc;14;800;0.05;0;0;indicators;FALSE;2.749645605;2.17383;1.304908183;0.665955;0.331748178
mcmc;14;1000;0.05;0;0;indicators;FALSE;2.759325166;2.17395;1.307837907;0.66967;0.323416804
mcmc;14;1200;0.05;0;0;indicators;FALSE;2.751883088;2.16866;1.305385852;0.667713;0.329488895
mcmc;14;1400;0.05;0;0;indicators;FALSE;2.750098608;2.16983;1.304617415;0.66728;0.332156761
mcmc;14;1600;0.05;0;0;indicators;FALSE;2.747382716;2.16449;1.302327914;0.668435385;0.334337268
mcmc;14;1800;0.05;0;0;indicators;FALSE;2.750244526;2.17433;1.306273703;0.669615;0.331000612
mcmc;14;2000;0.05;0;0;indicators;FALSE;2.750143215;2.17122;1.304918123;0.668355;0.331029797
mcmc;16;200;0.05;0;0;indicators;FALSE;2.774112871;2.19858;1.319110855;0.667733529;0.31458936
mcmc;16;400;0.05;0;0;indicators;FALSE;2.762613608;2.17946;1.311914435;0.66921;0.320298207
mcmc;16;600;0.05;0;0;indicators;FALSE;2.757515353;2.17987;1.308301367;0.66302;0.325878502
mcmc;16;800;0.05;0;0;indicators;FALSE;2.753232696;2.16841;1.306361152;0.667883333;0.328694563
mcmc;16;1000;0.05;0;0;indicators;FALSE;2.754137668;2.16682;1.305716575;0.66793;0.328446397
mcmc;16;1200;0.05;0;0;indicators;FALSE;2.751442771;2.16659;1.304826566;0.667670769;0.328969912
mcmc;16;1400;0.05;0;0;indicators;FALSE;2.753218006;2.17348;1.306439794;0.667814167;0.329184377
mcmc;16;1600;0.05;0;0;indicators;FALSE;2.748408691;2.16665;1.303508525;0.669154286;0.332989532
mcmc;16;1800;0.05;0;0;indicators;FALSE;2.754854782;2.16559;1.305919384;0.667965;0.327249666
mcmc;16;2000;0.05;0;0;indicators;FALSE;2.745567969;2.16212;1.302468742;0.667905;0.336849248
mcmc;4;200;0.1;0;0;indicators;FALSE;2.884818419;2.25906;1.388948044;0.679846;0.260143665
mcmc;4;400;0.1;0;0;indicators;FALSE;2.852952457;2.26061;1.367319702;0.671822;0.269117775
mcmc;4;600;0.1;0;0;indicators;FALSE;2.80452192;2.23726;1.343238754;0.67146;0.296028729
mcmc;4;800;0.1;0;0;indicators;FALSE;2.770472201;2.2205;1.32496406;0.67112;0.315483965
mcmc;4;1000;0.1;0;0;indicators;FALSE;2.815251971;2.24889;1.348765413;0.67332;0.284121189
mcmc;4;1200;0.1;0;0;indicators;FALSE;2.771557435;2.2018;1.320220292;0.67087;0.310816684
mcmc;4;1400;0.1;0;0;indicators;FALSE;2.759538595;2.21393;1.316740277;0.670525;0.323383722
mcmc;4;1600;0.1;0;0;indicators;FALSE;2.771435676;2.21837;1.32446282;0.673285833;0.311302993
mcmc;4;1800;0.1;0;0;indicators;FALSE;2.801464456;2.22204;1.337543938;0.667111818;0.298949474
mcmc;4;2000;0.1;0;0;indicators;FALSE;2.760565311;2.21034;1.316383659;0.669318182;0.319700599
mcmc;6;200;0.1;0;0;indicators;FALSE;2.9158498;2.28001;1.381876167;0.674167857;0.243567147
mcmc;6;400;0.1;0;0;indicators;FALSE;2.881175662;2.26047;1.37924362;0.6726025;0.255184593
mcmc;6;600;0.1;0;0;indicators;FALSE;2.835548788;2.23737;1.356509232;0.672449231;0.276380417
mcmc;6;800;0.1;0;0;indicators;FALSE;2.804823257;2.23038;1.338650687;0.671746;0.291516446
mcmc;6;1000;0.1;0;0;indicators;FALSE;2.768306797;2.20181;1.319716235;0.671431429;0.314295243
mcmc;6;1200;0.1;0;0;indicators;FALSE;2.835711549;2.23051;1.356734411;0.67307;0.278996192
mcmc;6;1400;0.1;0;0;indicators;FALSE;2.801795225;2.21496;1.336732288;0.671961765;0.294660054
mcmc;6;1600;0.1;0;0;indicators;FALSE;2.822623005;2.23794;1.351825464;0.67383;0.287385264
mcmc;6;1800;0.1;0;0;indicators;FALSE;2.799539137;2.2114;1.341498939;0.672;0.302244069
mcmc;6;2000;0.1;0;0;indicators;FALSE;2.770729874;2.20125;1.318574685;0.672323333;0.315991318
mcmc;8;200;0.1;0;0;indicators;FALSE;3.176874305;2.46621;1.559560562;0.704682;0.196873365
mcmc;8;400;0.1;0;0;indicators;FALSE;2.943555629;2.30725;1.409977309;0.684281111;0.23747063
mcmc;8;600;0.1;0;0;indicators;FALSE;2.832756895;2.22445;1.346225669;0.670305;0.273788953
mcmc;8;800;0.1;0;0;indicators;FALSE;2.82186075;2.23899;1.352652988;0.674806;0.291367549
mcmc;8;1000;0.1;0;0;indicators;FALSE;2.793774288;2.20697;1.33138453;0.672045;0.299429042
mcmc;8;1200;0.1;0;0;indicators;FALSE;2.793040104;2.20877;1.33254043;0.66994;0.302129477
mcmc;8;1400;0.1;0;0;indicators;FALSE;2.828609661;2.24335;1.357979889;0.67461;0.287016261
mcmc;8;1600;0.1;0;0;indicators;FALSE;2.781813436;2.20181;1.326142618;0.67067087;0.307189794
mcmc;8;1800;0.1;0;0;indicators;FALSE;2.776605146;2.20014;1.32249811;0.667405;0.311110658
mcmc;8;2000;0.1;0;0;indicators;FALSE;2.780187693;2.20012;1.322571743;0.670765;0.309356353
mcmc;10;200;0.1;0;0;indicators;FALSE;3.114474555;2.44056;1.513569426;0.698185;0.196710425
mcmc;10;400;0.1;0;0;indicators;FALSE;2.915360969;2.28921;1.404726236;0.68174;0.25211529
mcmc;10;600;0.1;0;0;indicators;FALSE;2.905640949;2.26261;1.397573125;0.681583636;0.259292985
mcmc;10;800;0.1;0;0;indicators;FALSE;2.951972559;2.29349;1.418844579;0.683928;0.241547266
mcmc;10;1000;0.1;0;0;indicators;FALSE;2.803515582;2.21569;1.338022149;0.672506667;0.295239864
mcmc;10;1200;0.1;0;0;indicators;FALSE;2.792510212;2.19487;1.32787416;0.665680909;0.30432534
mcmc;10;1400;0.1;0;0;indicators;FALSE;2.778313922;2.19556;1.322015141;0.66812;0.312205542
mcmc;10;1600;0.1;0;0;indicators;FALSE;2.779681504;2.19001;1.321469328;0.667029333;0.310328716
mcmc;10;1800;0.1;0;0;indicators;FALSE;2.779979153;2.20086;1.327204146;0.668865;0.312696609
mcmc;10;2000;0.1;0;0;indicators;FALSE;2.766694072;2.19487;1.314632965;0.666513333;0.318214277
mcmc;12;200;0.1;0;0;indicators;FALSE;2.950239997;2.3032;1.42015999;0.680815455;0.240271906
mcmc;12;400;0.1;0;0;indicators;FALSE;2.849088817;2.25691;1.366168149;0.6713775;0.272105163
mcmc;12;600;0.1;0;0;indicators;FALSE;2.831609049;2.22679;1.355394404;0.674786364;0.281693816
mcmc;12;800;0.1;0;0;indicators;FALSE;2.822239148;2.22457;1.347215987;0.67434;0.28704929
mcmc;12;1000;0.1;0;0;indicators;FALSE;2.808047707;2.21447;1.339280419;0.668116;0.298713688
mcmc;12;1200;0.1;0;0;indicators;FALSE;2.788622768;2.20479;1.329191725;0.66798625;0.307691887
mcmc;12;1400;0.1;0;0;indicators;FALSE;2.787099036;2.2045;1.3298736;0.6680175;0.308853453
mcmc;12;1600;0.1;0;0;indicators;FALSE;2.778351384;2.19397;1.320937151;0.668205;0.311995423
mcmc;12;1800;0.1;0;0;indicators;FALSE;2.781129862;2.19215;1.323063265;0.667885;0.310626895
mcmc;12;2000;0.1;0;0;indicators;FALSE;2.777923558;2.18623;1.322315631;0.66893;0.313054669
mcmc;14;200;0.1;0;0;indicators;FALSE;2.933589787;2.32515;1.42417686;0.682255;0.245749785
mcmc;14;400;0.1;0;0;indicators;FALSE;2.933821798;2.29133;1.403374388;0.678834545;0.241068038
mcmc;14;600;0.1;0;0;indicators;FALSE;2.828745081;2.22996;1.357810361;0.669705;0.288501786
mcmc;14;800;0.1;0;0;indicators;FALSE;2.786807836;2.19439;1.325578928;0.66911;0.308193976
mcmc;14;1000;0.1;0;0;indicators;FALSE;2.795264369;2.19566;1.332394457;0.6681;0.30312866
mcmc;14;1200;0.1;0;0;indicators;FALSE;2.785140017;2.19299;1.324892761;0.667518182;0.309214938
mcmc;14;1400;0.1;0;0;indicators;FALSE;2.802081336;2.20836;1.33625699;0.670556923;0.299402784
mcmc;14;1600;0.1;0;0;indicators;FALSE;2.791514996;2.202;1.332763789;0.673297143;0.30531719
mcmc;14;1800;0.1;0;0;indicators;FALSE;2.7777249;2.19;1.319441389;0.66886;0.311339107
mcmc;14;2000;0.1;0;0;indicators;FALSE;2.790595437;2.1922;1.325083038;0.67146;0.304440384
mcmc;16;200;0.1;0;0;indicators;FALSE;3.059941617;2.34335;1.484833264;0.6911525;0.224159065
mcmc;16;400;0.1;0;0;indicators;FALSE;2.869567458;2.26062;1.376368962;0.67728;0.267791218
mcmc;16;600;0.1;0;0;indicators;FALSE;2.943103939;2.29655;1.422815814;0.687726667;0.239480558
mcmc;16;800;0.1;0;0;indicators;FALSE;2.917831022;2.30014;1.411175866;0.681895385;0.25476033
mcmc;16;1000;0.1;0;0;indicators;FALSE;2.81093859;2.20985;1.339662289;0.670883;0.297472187
mcmc;16;1200;0.1;0;0;indicators;FALSE;2.830298727;2.22051;1.35796936;0.67468;0.292487401
mcmc;16;1400;0.1;0;0;indicators;FALSE;2.794883178;2.20031;1.332263548;0.668705294;0.307881201
mcmc;16;1600;0.1;0;0;indicators;FALSE;2.802260064;2.19849;1.335016465;0.672084286;0.300117003
mcmc;16;1800;0.1;0;0;indicators;FALSE;2.782907378;2.18857;1.324517909;0.667405;0.313267427
mcmc;16;2000;0.1;0;0;indicators;FALSE;2.81883859;2.21377;1.349097154;0.67414;0.296978273
mcmc;2;200;0.05;0;0;indicators;FALSE;2.744845502;2.2269;1.311283577;0.67102;0.331263937
mcmc;2;400;0.05;0;0;indicators;FALSE;2.74269777;2.22873;1.310498409;0.67137;0.335355289
mcmc;2;600;0.05;0;0;indicators;FALSE;2.746363033;2.21983;1.313186365;0.668917143;0.331961436
mcmc;2;800;0.05;0;0;indicators;FALSE;2.745844792;2.21509;1.310748801;0.672105;0.330065243
mcmc;2;1000;0.05;0;0;indicators;FALSE;2.747306236;2.22527;1.313521455;0.670715;0.331297324
mcmc;2;1200;0.05;0;0;indicators;FALSE;2.74715287;2.19998;1.311269174;0.671285;0.331463218
mcmc;2;1400;0.05;0;0;indicators;FALSE;2.74785048;2.22474;1.313615274;0.67331375;0.330104057
mcmc;2;1600;0.05;0;0;indicators;FALSE;2.748835704;2.20929;1.314125443;0.672995455;0.330998454
mcmc;2;1800;0.05;0;0;indicators;FALSE;2.749126848;2.22296;1.315696246;0.671982308;0.329766606
mcmc;2;2000;0.05;0;0;indicators;FALSE;2.747705438;2.20928;1.312664321;0.672792308;0.33165663
mcmc;18;200;0.05;0;0;indicators;FALSE;2.781980352;2.19395;1.321147269;0.66699375;0.307954954
mcmc;18;400;0.05;0;0;indicators;FALSE;2.758674606;2.18146;1.311109874;0.66763;0.32525516
mcmc;18;600;0.05;0;0;indicators;FALSE;2.777367565;2.18844;1.319492943;0.668241;0.31545314
mcmc;18;800;0.05;0;0;indicators;FALSE;2.758853894;2.16588;1.306934424;0.668983077;0.324674477
mcmc;18;1000;0.05;0;0;indicators;FALSE;2.754961756;2.17005;1.306897374;0.667418889;0.327356426
mcmc;18;1200;0.05;0;0;indicators;FALSE;2.755774699;2.16543;1.306427951;0.665875;0.328511815
mcmc;18;1400;0.05;0;0;indicators;FALSE;2.753610768;2.16588;1.306065885;0.668503529;0.328347184
mcmc;18;1600;0.05;0;0;indicators;FALSE;2.752234719;2.16108;1.303817065;0.667107368;0.330074554
mcmc;18;1800;0.05;0;0;indicators;FALSE;2.755055881;2.16465;1.306708678;0.66864;0.328800914
mcmc;18;2000;0.05;0;0;indicators;FALSE;2.748211979;2.16536;1.303225372;0.66507;0.334258799
mcmc;2;200;0.1;0;0;indicators;FALSE;2.798846695;2.26229;1.359427516;0.675286364;0.307363814
mcmc;2;400;0.1;0;0;indicators;FALSE;2.852771492;2.27517;1.373582356;0.67576;0.263034885
mcmc;2;600;0.1;0;0;indicators;FALSE;2.897990984;2.31752;1.405750134;0.6811575;0.247460098
mcmc;2;800;0.1;0;0;indicators;FALSE;2.796269367;2.22986;1.340936314;0.674647647;0.301184437
mcmc;2;1000;0.1;0;0;indicators;FALSE;2.752874383;2.21933;1.314943227;0.668958333;0.3251077
mcmc;2;1200;0.1;0;0;indicators;FALSE;2.756957481;2.22109;1.317133999;0.673046667;0.321191879
mcmc;2;1400;0.1;0;0;indicators;FALSE;2.770264188;2.23961;1.325778628;0.670856667;0.313827254
mcmc;2;1600;0.1;0;0;indicators;FALSE;2.747280937;2.22717;1.313856926;0.671450833;0.331538583
mcmc;2;1800;0.1;0;0;indicators;FALSE;2.758636413;2.22871;1.319981115;0.671505833;0.323708325
mcmc;2;2000;0.1;0;0;indicators;FALSE;2.760079169;2.22332;1.321768296;0.67503;0.322312815
mcmc;18;200;0.1;0;0;indicators;FALSE;3.113895554;2.42353;1.512215358;0.7001125;0.194075645
mcmc;18;400;0.1;0;0;indicators;FALSE;2.90224482;2.27213;1.395970397;0.68221;0.258712568
mcmc;18;600;0.1;0;0;indicators;FALSE;2.884117016;2.24934;1.385839857;0.679918;0.262075575
mcmc;18;800;0.1;0;0;indicators;FALSE;2.815975108;2.22116;1.346881874;0.672908182;0.294753515
mcmc;18;1000;0.1;0;0;indicators;FALSE;2.780918835;2.18309;1.320435081;0.667888889;0.31121782
mcmc;18;1200;0.1;0;0;indicators;FALSE;2.797904258;2.1969;1.338969273;0.6732975;0.306411683
mcmc;18;1400;0.1;0;0;indicators;FALSE;2.787313521;2.18819;1.325407578;0.666274615;0.307784332
mcmc;18;1600;0.1;0;0;indicators;FALSE;2.785123463;2.19063;1.32718363;0.6701;0.310428804
mcmc;18;1800;0.1;0;0;indicators;FALSE;2.776944399;2.18674;1.321610155;0.667330909;0.315687975
mcmc;18;2000;0.1;0;0;indicators;FALSE;2.789400911;2.18756;1.327731472;0.667812222;0.309236194
mcmc;8;400;0;0;0;mean;FALSE;2.741228984;2.20458;1.309290281;0.674662;0.337420404
mcmc;8;400;0;0;0;indicators;FALSE;2.819729364;2.40943;1.363063021;0.709860588;0.216502941
mcmc;8;400;0;0;0;indicators;FALSE;2.820025862;2.40545;1.36330208;0.710304286;0.215227261
mcmc;8;400;0;0;0;indicators;FALSE;2.819824993;2.41077;1.363346779;0.710320667;0.216693869
mcmc;8;400;0;0;0;indicators;FALSE;2.735988574;2.15538;1.301413363;0.669536154;0.343922661
mcmc;10;400;0;0;0;indicators squared;FALSE;3.279702168;2.912863402;1.876274292;0.851563528;0.297840057
"mcmc";10;400;0;0;0;"indicators T1_V1";FALSE;2.7364487786035;2.15899;1.30033740009876;0.668935;0.343643706888055
"mcmc";10;400;0;0;0;"indicators T1_V2";FALSE;2.73665398086237;2.15656;1.30019802886816;0.667185;0.342962232865251
"mcmc";10;400;0;0;0;"indicators T1_V3";FALSE;2.73630740406675;2.1545;1.29937730115838;0.668814285714286;0.342953199357504
"mcmc";10;400;0;0;0;"indicators T1_V4_C";FALSE;2.73689583952627;2.15565;1.30043217559921;0.668917333333333;0.343199518960821
"mcmc";10;400;0;0;0;"indicators T1_V4_N";FALSE;2.73668281260417;2.15577;1.3002715707234;0.668915;0.343084508722253
"mcmc";10;400;0;0;0;"indicators T1_V4_H";FALSE;2.7368106925626;2.15512;1.30044295309842;0.668716666666667;0.343357454969123
"mcmc";10;400;0;0;0;"indicators T1_V4_W";FALSE;2.73651698033295;2.1556;1.30058503873945;0.668733333333333;0.343948835887001
"mcmc";10;400;0;0;0;"indicators T1_V4_B";FALSE;2.73715190533148;2.15198;1.3004695101922;0.668633333333333;0.342645643788553
"mcmc";10;400;0;0;0;"indicators T1_V4_E";FALSE;2.73582571717093;2.15561;1.29983735103171;0.668117142857143;0.343980800018285
"mcmc";10;400;0;0;0;"indicators T1_V4_S";FALSE;2.73664431184925;2.15388;1.30093416274628;0.668454;0.34388651245404
"mcmc";10;400;0;0;0;"indicators T1_V1";FALSE;2.73522837859566;2.15143;1.2990271621289;0.668520833333333;0.34384831742888
"mcmc";10;400;0;0;0;"indicators T1_V2";FALSE;2.73579718347419;2.15352;1.2993885292094;0.668935;0.343159538331219
"mcmc";10;400;0;0;0;"indicators T1_V3";FALSE;2.73664580285888;2.152;1.30005882458429;0.668557272727273;0.342942637114679
"mcmc";10;400;0;0;0;"indicators T1_V4";FALSE;2.73722874134787;2.15605;1.30072665925876;0.6694;0.343206572400328
"mcmc";10;400;0;0;0;"indicators T1_V5";FALSE;2.73719907547207;2.15731;1.3010416992381;0.669798;0.343165556643552
"mcmc";10;400;0;0;0;"indicators T1_V6";FALSE;2.73692434028118;2.15734;1.30033398744191;0.668573846153846;0.342732971722948
"mcmc";10;400;0;0;0;"indicators T1_V7";FALSE;2.73745742642013;2.1533;1.30028310961414;0.6679;0.342919398489475
"mcmc";10;400;0;0;0;"indicators T1_V8";FALSE;2.73715697248966;2.15455;1.3009017754667;0.668874;0.343091465936403
"mcmc";10;400;0;0;0;"indicators T1_V9";FALSE;2.73611140140003;2.15158;1.30006694875239;0.668965;0.34317470248132
"mcmc";10;400;0;0;0;"indicators T1_V10";FALSE;2.73608637561521;2.15611;1.30051009925895;0.669365714285714;0.343934242244565
"mcmc";10;400;0;0;0;"indicators T1_V11";FALSE;2.73609847428381;2.15661;1.29973900907347;0.668932105263158;0.344415675021879
"mcmc";10;400;0;0;0;"indicators T1_V12";FALSE;2.73639906547187;2.15357;1.29990994780634;0.668133333333333;0.343038772688932
"mcmc";10;400;0;0;0;"indicators T1_V13";FALSE;2.73650531657483;2.15559;1.30046516908018;0.668583636363636;0.342344881568813
"mcmc";10;400;0;0;0;"indicators T1_V14";FALSE;2.73740611972784;2.1549;1.30093461155343;0.66910875;0.342855321258781
"mcmc";10;400;0;0;0;"indicators T1_V15";FALSE;2.73707873860272;2.15524;1.30058004848271;0.66777;0.342985026599157
"mcmc";10;400;0;0;0;"indicators T1_V16";FALSE;2.73653145845997;2.1559;1.30023858862077;0.668725384615385;0.343570288550562
"mcmc";10;400;0;0;0;"indicators T1_V17";FALSE;2.73621976725034;2.15656;1.29994004551077;0.66839;0.342686404286431
"mcmc";10;400;0;0;0;"indicators T2_V1";FALSE;2.73638877899567;2.15391;1.2998710859587;0.66835;0.343511667579483
"mcmc";10;400;0;0;0;"indicators T2_V2";FALSE;2.73650874938724;2.14989;1.29995286176306;0.668891739130435;0.343192926517274
"mcmc";10;400;0;0;0;"indicators T2_V3";FALSE;2.73577900880409;2.1498;1.29966735241122;0.668963636363636;0.343244434461594
"mcmc";10;400;0;0;0;"indicators T2_V4";FALSE;2.736152163964;2.15282;1.29998333947642;0.668085;0.343279906188345
"mcmc";10;400;0;0;0;"indicators T2_V5";FALSE;2.73573130257456;2.15631;1.29991864107059;0.667805;0.342672025641238
"mcmc";10;400;0;0;0;"indicators T2_V6";FALSE;2.73598128865272;2.15559;1.30033687507218;0.66884;0.343089297443613
"mcmc";10;400;0;0;0;"indicators T2_V7";FALSE;2.73678692248868;2.15134;1.30042090461543;0.6684;0.343050142983192
"mcmc";10;400;0;0;0;"indicators T2_V8";FALSE;2.73636350850017;2.15487;1.30021153320778;0.667995;0.343029390112627
"mcmc";10;400;0;0;0;"indicators T2_V9";FALSE;2.73698569285672;2.15216;1.3000864733119;0.668161666666667;0.342487911101613
"mcmc";10;400;0;0;0;"indicators T2_V10";FALSE;2.73554930979039;2.15221;1.29942245954997;0.668199090909091;0.344262584101255
"mcmc";10;400;0;0;0;"indicators T2_V11";FALSE;2.73577952214749;2.15153;1.29914137137155;0.667796153846154;0.344085008054558
"mcmc";10;400;0;0;0;"indicators T2_V12";FALSE;2.73580488558599;2.15321;1.29973134583484;0.668796666666667;0.34394484193073
"mcmc";10;400;0;0;0;"indicators T2_V13";FALSE;2.73606455793251;2.15297;1.29987748137365;0.668254545454545;0.343180869359163
"mcmc";10;400;0;0;0;"indicators T2_V14";FALSE;2.73628417419949;2.15541;1.29931003526295;0.668493;0.343203358312333
"mcmc";10;400;0;0;0;"indicators T2_V15";FALSE;2.73591472421028;2.15629;1.29980242958976;0.670064285714286;0.343483621309941
"mcmc";10;400;0;0;0;"indicators clean";FALSE;2.73747774230867;2.1566;1.30080298887157;0.66881;0.342848998970945
"mcmc";10;400;0;0;0;"indicators clean";FALSE;2.73629460440401;2.15947;1.30071235297158;0.67083;0.342635904493976
"mcmc";20;400;0;0;0;"indicators";FALSE;2.73807560148238;2.14873;1.29808309165817;0.6663625;0.341097835557452
"mcmc";20;200;0;0;0;"indicators";FALSE;2.73722212121806;2.15437;1.29802613021555;0.66768;0.342217284731359
"mcmc";20;400;0;0;0;"indicators";FALSE;2.73892987176219;2.15077;1.2990754540871;0.6656485;0.341063235092936
"mcmc";20;600;0;0;0;"indicators";FALSE;2.73929997529363;2.15349;1.29927067042071;0.667071666666667;0.340592685443845
"mcmc";20;800;0;0;0;"indicators";FALSE;2.73954591266495;2.15122;1.29893200851734;0.66674;0.340499836831184
"mcmc";20;1000;0;0;0;"indicators";FALSE;2.73932559893331;2.15375;1.29936655131847;0.6668475;0.341265379204717
"mcmc";20;1200;0;0;0;"indicators";FALSE;2.74007253338301;2.15133;1.29948175105421;0.6662475;0.340110966808773
"mcmc";20;1400;0;0;0;"indicators";FALSE;2.74015577207396;2.14992;1.29953168363972;0.666444166666667;0.340591783180134
"mcmc";20;1600;0;0;0;"indicators";FALSE;2.73939290084119;2.14781;1.29910752125038;0.666095;0.341117661604697
"mcmc";20;1800;0;0;0;"indicators";FALSE;2.74010553167709;2.15184;1.29956161701004;0.665703333333333;0.340645997915585
"mcmc";20;2000;0;0;0;"indicators";FALSE;2.74029349497049;2.14977;1.29966205339945;0.66623;0.340229596570211
"mcmc";20;200;0.05;0;0;"indicators";FALSE;2.7750154342242;2.18828;1.31610731112285;0.667898;0.312632368497937
"mcmc";20;400;0.05;0;0;"indicators";FALSE;2.75847159807055;2.17291;1.30829041337901;0.667845;0.325421297102346
"mcmc";20;600;0.05;0;0;"indicators";FALSE;2.76148582325144;2.16821;1.30907907702134;0.668485;0.32405604689525
"mcmc";20;800;0.05;0;0;"indicators";FALSE;2.76115815525795;2.17428;1.31010608124893;0.6658575;0.322539526399612
"mcmc";20;1000;0.05;0;0;"indicators";FALSE;2.75177160865899;2.16539;1.30413853188593;0.667045333333333;0.330261898424317
"mcmc";20;1200;0.05;0;0;"indicators";FALSE;2.76972743289084;2.17763;1.31407970621142;0.666782857142857;0.317403421835402
"mcmc";20;1400;0.05;0;0;"indicators";FALSE;2.75606179376066;2.16803;1.30582909078713;0.6681;0.327089751398616
"mcmc";20;1600;0.05;0;0;"indicators";FALSE;2.76102230945705;2.16358;1.30823150095733;0.666855714285714;0.32104433572407
"mcmc";20;1800;0.05;0;0;"indicators";FALSE;2.75146440890998;2.16063;1.3034519463295;0.66637;0.330513849022837
"mcmc";20;2000;0.05;0;0;"indicators";FALSE;2.75271072864174;2.16791;1.30482029340054;0.6668225;0.329901357308273
"mcmc";20;200;0.1;0;0;"indicators";FALSE;2.97350309672739;2.28457;1.42442336542153;0.685388;0.244311665153477
"mcmc";20;400;0.1;0;0;"indicators";FALSE;2.84216046589149;2.22428;1.35573729358147;0.674155555555556;0.276292330691388
"mcmc";20;600;0.1;0;0;"indicators";FALSE;2.84047461812977;2.23424;1.36470954916764;0.674813636363636;0.281174002928606
"mcmc";20;800;0.1;0;0;"indicators";FALSE;2.81293250534324;2.20743;1.34267819295873;0.67181;0.295890703102995
"mcmc";20;1000;0.1;0;0;"indicators";FALSE;2.81871073824977;2.21371;1.34595561096617;0.672230666666667;0.29435916903585
"mcmc";20;1200;0.1;0;0;"indicators";FALSE;2.82820975411283;2.21235;1.35714651023436;0.672613888888889;0.292166541798764
"mcmc";20;1400;0.1;0;0;"indicators";FALSE;2.82855993097904;2.22497;1.35407010146471;0.674386666666667;0.290085333057918
"mcmc";20;1600;0.1;0;0;"indicators";FALSE;2.7742250724524;2.17997;1.31490032874175;0.66844;0.315321239567715
"mcmc";20;1800;0.1;0;0;"indicators";FALSE;2.79069872036707;2.18519;1.32645237563673;0.670052727272727;0.304988207155635
"mcmc";20;2000;0.1;0;0;"indicators";FALSE;2.79457869252338;2.18915;1.32652153557748;0.669258461538462;0.303904408067614
"mcmc";10;400;0;0;0;"ids";FALSE;2.78308132198671;2.28949;1.33518580858374;0.686595;0.289801088585152
"mcmc";10;400;0;0;0;"indicators";FALSE;2.73692307731524;2.16049;1.30044530931001;0.669242857142857;0.34245395039481
"mcmc";10;400;0;0;0;"indicators";TRUE;4.01911717705882;3.81356;Inf;Inf;NA
"mcmc";10;400;0;0;0;"ids";TRUE;4.02708581352941;3.91234;Inf;Inf;NA
"mcmc";10;400;0;0;0;"indicators clean T1_V11 T1_V1";FALSE;2.73689104629503;2.15849;1.30034362350827;0.67039;0.342949658344862
"mcmc";10;400;0;0;0;"indicators clean T1_V11 T1_V2";FALSE;2.73782277279947;2.15997;1.30175419264058;0.670033636363636;0.341571618217517
"mcmc";10;400;0;0;0;"indicators clean T1_V11 T1_V3";FALSE;2.73677795015589;2.1582;1.3001667780852;0.670025;0.342683735743874
"mcmc";10;400;0;0;0;"indicators clean T1_V11 T1_V4";FALSE;2.73638698935273;2.15802;1.30052769135964;0.669806;0.342778035789232
"mcmc";10;400;0;0;0;"indicators clean T1_V11 T1_V5";FALSE;2.73736894684209;2.16155;1.30057129370378;0.670326363636364;0.341367208179739
"mcmc";10;400;0;0;0;"indicators clean T1_V11 T1_V6";FALSE;2.73807882272201;2.16061;1.30113478434596;0.670211666666667;0.341592456845409
"mcmc";10;400;0;0;0;"indicators clean T1_V11 T1_V7";FALSE;2.73780890409616;2.15979;1.30154656107758;0.671502173913043;0.342268691618923
"mcmc";10;400;0;0;0;"indicators clean T1_V11 T1_V8";FALSE;2.73748921037667;2.16454;1.30126183192109;0.669725;0.342172487599855
"mcmc";10;400;0;0;0;"indicators clean T1_V11 T1_V9";FALSE;2.73739451950038;2.15755;1.30083995172278;0.66965;0.341769621417982
"mcmc";10;400;0;0;0;"indicators clean T1_V11 T1_V10";FALSE;2.73579147042099;2.15794;1.29962208931888;0.668928;0.343528224380264
"mcmc";10;400;0;0;0;"indicators clean T1_V11 T1_V12";FALSE;2.738432333183;2.16527;1.30220276422812;0.669337777777778;0.342195891700465
"mcmc";10;400;0;0;0;"indicators clean T1_V11 T1_V13";FALSE;2.73716241024334;2.16563;1.30090043689373;0.670176;0.341841441770351
"mcmc";10;400;0;0;0;"indicators clean T1_V11 T1_V14";FALSE;2.73667277632895;2.16148;1.30018462051104;0.670563076923077;0.341788493666597
"mcmc";10;400;0;0;0;"indicators clean T1_V11 T1_V15";FALSE;2.73762513813996;2.16102;1.30086972797477;0.670136363636364;0.341874978924533
"mcmc";10;400;0;0;0;"indicators clean T1_V11 T1_V16";FALSE;2.73611952940254;2.15755;1.30041575275601;0.668664285714286;0.343437440787937
"mcmc";10;400;0;0;0;"indicators clean T1_V11 T1_V17";FALSE;2.73705894037138;2.1616;1.30127969597483;0.67069875;0.342914743034196
"mcmc";10;400;0;0;0;"indicators clean T1_V11 T2_V1";FALSE;2.73756648698994;2.16328;1.30140838565504;0.670691;0.342572330936598
"mcmc";10;400;0;0;0;"indicators clean T1_V11 T2_V2";FALSE;2.73612215788545;2.16123;1.30059928107692;0.670855;0.343157930683296
"mcmc";10;400;0;0;0;"indicators clean T1_V11 T2_V3";FALSE;2.73701011196298;2.15737;1.30059568706811;0.67025;0.342552396182882
"mcmc";10;400;0;0;0;"indicators clean T1_V11 T2_V4";FALSE;2.73639881644738;2.15933;1.30054639014468;0.670414705882353;0.343053969048358
"mcmc";10;400;0;0;0;"indicators clean T1_V11 T2_V5";FALSE;2.73760731818271;2.16345;1.30114842639979;0.67062;0.342242131809719
"mcmc";10;400;0;0;0;"indicators clean T1_V11 T2_V6";FALSE;2.7385069144493;2.1674;1.30217647275943;0.67125;0.341368033543686
"mcmc";10;400;0;0;0;"indicators clean T1_V11 T2_V7";FALSE;2.73624150591188;2.16228;1.30047758145375;0.67097;0.342180015724286
"mcmc";10;400;0;0;0;"indicators clean T1_V11 T2_V8";FALSE;2.73793059059982;2.16282;1.3018355668022;0.670377777777778;0.341868878478422
"mcmc";10;400;0;0;0;"indicators clean T1_V11 T2_V9";FALSE;2.73851267279751;2.16166;1.30132695794044;0.669635;0.341228178239842
"mcmc";10;400;0;0;0;"indicators clean T1_V11 T2_V10";FALSE;2.73636395537167;2.1611;1.30076189127259;0.66987;0.343748706871101
"mcmc";10;400;0;0;0;"indicators clean T1_V11 T2_V11";FALSE;2.73558001490225;2.15788;1.29963196234885;0.66938875;0.343072228111952
"mcmc";10;400;0;0;0;"indicators clean T1_V11 T2_V12";FALSE;2.73758202807898;2.16003;1.30126747129614;0.669567333333333;0.34146630821972
"mcmc";10;400;0;0;0;"indicators clean T1_V11 T2_V13";FALSE;2.73668544363615;2.15809;1.30034589151198;0.670138571428571;0.342062520133697
"mcmc";10;400;0;0;0;"indicators clean T1_V11 T2_V14";FALSE;2.73726162865939;2.15895;1.3010650293211;0.669969230769231;0.342747462295545
"mcmc";10;400;0;0;0;"indicators clean T1_V11 T2_V15";FALSE;2.73683683307516;2.16115;1.30084923058125;0.670691111111111;0.342843922378745
"mcmc";10;400;0;0;0;"indicators clean";TRUE;4.02018040960784;3.81968;Inf;Inf;NA
"mcmc";10;400;0;0;0;"indicators clean";TRUE;4.01984564901961;3.814985;Inf;Inf;NA
"mcmc";0;400;0;0;0;"indicators";TRUE;4.01819025823529;3.93225;Inf;Inf;NA
"mcmc";0;400;0;0;0;"indicators";FALSE;2.7487021506304;2.25575;1.31751028180351;0.671572727272727;0.328900399395708
"mcmc";10;400;0;0;0;"indicators";FALSE;2.76060540618443;2.12263;1.30265510267837;0.671858888888889;0.318017660503218
"mcmc";10;400;0;0;0;"indicators_all";FALSE;2.76082279476068;2.12504;1.30411768080354;0.67118;0.317660164778831
"mcmc";10;400;0;0;0;"indicators_all";TRUE;4.01955168196078;3.76145;Inf;Inf;NA
"mcmc";10;400;0;0;0;"indicators_all";TRUE;4.0206484827451;3.75795;Inf;Inf;NA
